[
  {
    "name": "自来也",
    "rank": false,
    "image_path": null,
    "created_at": "2025-05-13T16:32:04.838770"
  },
  {
    "name": "虎皮",
    "rank": false,
    "image_path": null,
    "created_at": "2025-05-13T16:32:13.729429"
  },
  {
    "name": "纲手",
    "rank": false,
    "image_path": null,
    "created_at": "2025-05-13T16:32:26.407554"
  },
  {
    "name": "漂带",
    "rank": "A",
    "created_at": "2025-05-13T19:50:33.029326"
  },
  {
    "name": "三船",
    "rank": "A",
    "created_at": "2025-05-13T19:50:33.030386"
  },
  {
    "name": "绯蝎",
    "rank": "A",
    "created_at": "2025-05-13T19:50:33.031322"
  },
  {
    "name": "不缘",
    "rank": "A",
    "created_at": "2025-05-13T19:50:33.031938"
  },
  {
    "name": "新蛇",
    "rank": "A",
    "created_at": "2025-05-13T19:50:33.032612"
  },
  {
    "name": "青水",
    "rank": "A",
    "created_at": "2025-05-13T19:50:33.033497"
  },
  {
    "name": "忍卡",
    "rank": "A",
    "created_at": "2025-05-13T19:50:33.034719"
  },
  {
    "name": "百机蝎",
    "rank": "A",
    "created_at": "2025-05-13T19:50:33.035661"
  },
  {
    "name": "黑绝",
    "rank": "A",
    "created_at": "2025-05-13T19:50:33.036306"
  },
  {
    "name": "仙鸣",
    "rank": "A",
    "created_at": "2025-05-13T19:50:33.037015"
  },
  {
    "name": "晓蛇",
    "rank": "A",
    "created_at": "2025-05-13T19:50:33.038095"
  },
  {
    "name": "新鼬",
    "rank": "A",
    "created_at": "2025-05-13T19:50:33.039665"
  },
  {
    "name": "幻卡",
    "rank": "A",
    "created_at": "2025-05-13T19:50:33.040558"
  },
  {
    "name": "夏日卡",
    "rank": "A",
    "created_at": "2025-05-13T19:50:33.041412"
  },
  {
    "name": "生气小孩",
    "rank": "A",
    "created_at": "2025-05-13T19:50:33.042033"
  },
  {
    "name": "阿飞",
    "rank": "A",
    "created_at": "2025-05-13T19:50:33.042936"
  },
  {
    "name": "骨架",
    "rank": "A",
    "created_at": "2025-05-13T19:50:33.043639"
  },
  {
    "name": "千代",
    "rank": "A",
    "created_at": "2025-05-13T19:50:33.044276"
  },
  {
    "name": "达鲁伊",
    "rank": "A",
    "created_at": "2025-05-13T19:50:33.044875"
  },
  {
    "name": "泳南",
    "rank": "A",
    "created_at": "2025-05-13T19:50:33.045815"
  },
  {
    "name": "夏日鼬",
    "rank": "A",
    "created_at": "2025-05-13T19:50:33.047574"
  },
  {
    "name": "青棒",
    "rank": "A",
    "created_at": "2025-05-13T19:50:33.048235"
  },
  {
    "name": "创角",
    "rank": "A",
    "created_at": "2025-05-13T19:50:33.048845"
  },
  {
    "name": "疾爱",
    "rank": "A",
    "created_at": "2025-05-13T19:50:33.049474"
  },
  {
    "name": "鹰佐",
    "rank": "A",
    "created_at": "2025-05-13T19:50:33.051532"
  },
  {
    "name": "照美冥x2",
    "rank": "A",
    "created_at": "2025-05-13T19:50:33.052323"
  },
  {
    "name": "蝎",
    "rank": "A",
    "created_at": "2025-05-13T19:50:33.053053"
  },
  {
    "name": "鼬",
    "rank": "A",
    "created_at": "2025-05-13T19:50:33.053676"
  },
  {
    "name": "鬼鲛",
    "rank": "A",
    "created_at": "2025-05-13T19:50:33.055223"
  },
  {
    "name": "漂二",
    "rank": "A",
    "created_at": "2025-05-13T19:50:33.055914"
  },
  {
    "name": "黄土",
    "rank": "A",
    "created_at": "2025-05-13T19:50:33.056607"
  },
  {
    "name": "A卡",
    "rank": "A",
    "created_at": "2025-05-13T19:50:33.057259"
  },
  {
    "name": "泉奈",
    "rank": "A",
    "created_at": "2025-05-13T19:50:33.057835"
  },
  {
    "name": "忍李",
    "rank": "A",
    "created_at": "2025-05-13T19:50:33.058375"
  },
  {
    "name": "博人",
    "rank": "A",
    "created_at": "2025-05-13T19:50:33.058924"
  },
  {
    "name": "青春哥",
    "rank": "A",
    "created_at": "2025-05-13T19:50:33.059416"
  },
  {
    "name": "死角都",
    "rank": "A",
    "created_at": "2025-05-13T19:50:33.061697"
  },
  {
    "name": "奇拉比",
    "rank": "A",
    "created_at": "2025-05-13T19:50:33.062252"
  },
  {
    "name": "蛟肌鬼鲛",
    "rank": "A",
    "created_at": "2025-05-13T19:50:33.062823"
  },
  {
    "name": "新水",
    "rank": "A",
    "created_at": "2025-05-13T19:50:33.063358"
  },
  {
    "name": "普南",
    "rank": "A",
    "created_at": "2025-05-13T19:50:33.065701"
  },
  {
    "name": "团藏",
    "rank": "A",
    "created_at": "2025-05-13T19:50:33.066241"
  },
  {
    "name": "青船",
    "rank": "A",
    "created_at": "2025-05-13T19:50:33.066923"
  },
  {
    "name": "新爱",
    "rank": "A",
    "created_at": "2025-05-13T19:50:33.067509"
  },
  {
    "name": "黑土",
    "rank": "A",
    "created_at": "2025-05-13T19:50:33.067998"
  },
  {
    "name": "蛇兜",
    "rank": "A",
    "created_at": "2025-05-13T19:50:33.068557"
  },
  {
    "name": "长十郎",
    "rank": "A",
    "created_at": "2025-05-13T19:50:33.069089"
  },
  {
    "name": "咒佐",
    "rank": "A",
    "created_at": "2025-05-13T19:50:33.069603"
  },
  {
    "name": "神卡",
    "rank": "A",
    "created_at": "2025-05-13T19:50:33.070202"
  },
  {
    "name": "新止",
    "rank": "A",
    "created_at": "2025-05-13T19:50:33.070895"
  },
  {
    "name": "漂纲",
    "rank": "A",
    "created_at": "2025-05-13T19:50:33.071454"
  },
  {
    "name": "恶灵飞段",
    "rank": "A",
    "created_at": "2025-05-13T19:50:33.071907"
  },
  {
    "name": "漂南",
    "rank": "A",
    "created_at": "2025-05-13T19:50:33.072516"
  },
  {
    "name": "丁次",
    "rank": "A",
    "created_at": "2025-05-13T19:50:33.073002"
  },
  {
    "name": "活迪",
    "rank": "A",
    "created_at": "2025-05-13T19:50:33.075662"
  },
  {
    "name": "卑弥",
    "rank": "A",
    "created_at": "2025-05-13T19:50:33.076226"
  },
  {
    "name": "青年长门",
    "rank": "A",
    "created_at": "2025-05-13T19:50:33.076731"
  },
  {
    "name": "须佐佐",
    "rank": "A",
    "created_at": "2025-05-13T19:50:33.077226"
  },
  {
    "name": "地陆",
    "rank": "A",
    "created_at": "2025-05-13T19:50:33.079465"
  },
  {
    "name": "侠兜",
    "rank": "A",
    "created_at": "2025-05-13T19:50:33.080019"
  },
  {
    "name": "天天",
    "rank": "A",
    "created_at": "2025-05-13T19:50:33.080538"
  },
  {
    "name": "再不斩",
    "rank": "A",
    "created_at": "2025-05-13T19:50:33.081041"
  },
  {
    "name": "普卡",
    "rank": "A",
    "created_at": "2025-05-13T19:50:33.081551"
  },
  {
    "name": "创飞",
    "rank": "A",
    "created_at": "2025-05-13T19:50:33.082062"
  },
  {
    "name": "加藤断",
    "rank": "A",
    "created_at": "2025-05-13T19:50:33.082790"
  },
  {
    "name": "忍爱",
    "rank": "A",
    "created_at": "2025-05-13T19:50:33.083361"
  },
  {
    "name": "地角都",
    "rank": "A",
    "created_at": "2025-05-13T19:50:33.083934"
  },
  {
    "name": "宁次",
    "rank": "A",
    "created_at": "2025-05-13T19:50:33.084666"
  },
  {
    "name": "不风",
    "rank": "A",
    "created_at": "2025-05-13T19:50:33.085298"
  },
  {
    "name": "飞段",
    "rank": "A",
    "created_at": "2025-05-13T19:50:33.085852"
  },
  {
    "name": "新迪",
    "rank": "A",
    "created_at": "2025-05-13T19:50:33.086411"
  },
  {
    "name": "死迪",
    "rank": "A",
    "created_at": "2025-05-13T19:50:33.087015"
  },
  {
    "name": "百豪樱",
    "rank": "A",
    "created_at": "2025-05-13T19:50:33.087577"
  },
  {
    "name": "青雷",
    "rank": "A",
    "created_at": "2025-05-13T19:50:33.088116"
  },
  {
    "name": "凯x2",
    "rank": "A",
    "created_at": "2025-05-13T19:50:33.088661"
  },
  {
    "name": "黑飞",
    "rank": "A",
    "created_at": "2025-05-13T19:50:33.089206"
  },
  {
    "name": "漂再不斩",
    "rank": "A",
    "created_at": "2025-05-13T19:50:33.091678"
  },
  {
    "name": "漂照美冥",
    "rank": "A",
    "created_at": "2025-05-13T19:50:33.092356"
  },
  {
    "name": "新南",
    "rank": "A",
    "created_at": "2025-05-13T19:50:33.092970"
  },
  {
    "name": "忍勘",
    "rank": "A",
    "created_at": "2025-05-13T19:50:33.093596"
  },
  {
    "name": "止水",
    "rank": "A",
    "created_at": "2025-05-13T19:50:33.094191"
  },
  {
    "name": "阿斯玛x2",
    "rank": "A",
    "created_at": "2025-05-13T19:50:33.094815"
  },
  {
    "name": "小棒",
    "rank": "A",
    "created_at": "2025-05-13T19:50:33.095445"
  },
  {
    "name": "不动",
    "rank": "A",
    "created_at": "2025-05-13T19:50:33.096038"
  },
  {
    "name": "雷影达鲁伊",
    "rank": "A",
    "created_at": "2025-05-13T19:50:33.096660"
  },
  {
    "name": "创蝎",
    "rank": "A",
    "created_at": "2025-05-13T19:50:33.097284"
  },
  {
    "name": "舍人",
    "rank": "S",
    "created_at": "2025-05-13T19:52:50.546414"
  },
  {
    "name": "创斑",
    "rank": "S",
    "created_at": "2025-05-13T19:52:50.548433"
  },
  {
    "name": "死鼬",
    "rank": "S",
    "created_at": "2025-05-13T19:52:50.550067"
  },
  {
    "name": "大野木x2",
    "rank": "S",
    "created_at": "2025-05-13T19:52:50.551442"
  },
  {
    "name": "超哥",
    "rank": "S",
    "created_at": "2025-05-13T19:52:50.552831"
  },
  {
    "name": "卡西",
    "rank": "S",
    "created_at": "2025-05-13T19:52:50.554517"
  },
  {
    "name": "活斑",
    "rank": "S",
    "created_at": "2025-05-13T19:52:50.555804"
  },
  {
    "name": "创初",
    "rank": "S",
    "created_at": "2025-05-13T19:52:50.556898"
  },
  {
    "name": "白面",
    "rank": "S",
    "created_at": "2025-05-13T19:52:50.557970"
  },
  {
    "name": "佩恩",
    "rank": "S",
    "created_at": "2025-05-13T19:52:50.559166"
  },
  {
    "name": "桃矢",
    "rank": "S",
    "created_at": "2025-05-13T19:52:50.560517"
  },
  {
    "name": "S凯",
    "rank": "S",
    "created_at": "2025-05-13T19:52:50.561877"
  },
  {
    "name": "三雷",
    "rank": "S",
    "created_at": "2025-05-13T19:52:50.563014"
  },
  {
    "name": "永佐",
    "rank": "S",
    "created_at": "2025-05-13T19:52:50.564242"
  },
  {
    "name": "无",
    "rank": "S",
    "created_at": "2025-05-13T19:52:50.565351"
  },
  {
    "name": "阎王",
    "rank": "S",
    "created_at": "2025-05-13T19:52:50.566190"
  },
  {
    "name": "雷影",
    "rank": "S",
    "created_at": "2025-05-13T19:52:50.567384"
  },
  {
    "name": "半藏",
    "rank": "S",
    "created_at": "2025-05-13T19:52:50.568616"
  },
  {
    "name": "红面",
    "rank": "S",
    "created_at": "2025-05-13T19:52:50.569583"
  },
  {
    "name": "大棒",
    "rank": "S",
    "created_at": "2025-05-13T19:52:50.571121"
  },
  {
    "name": "死水",
    "rank": "S",
    "created_at": "2025-05-13T19:52:50.572208"
  },
  {
    "name": "三风",
    "rank": "S",
    "created_at": "2025-05-13T19:52:50.573088"
  },
  {
    "name": "大蛇丸",
    "rank": "S",
    "created_at": "2025-05-13T19:52:50.574125"
  },
  {
    "name": "黄猿",
    "rank": "S",
    "created_at": "2025-05-13T19:52:50.575105"
  },
  {
    "name": "活初",
    "rank": "S",
    "created_at": "2025-05-13T19:52:50.576000"
  },
  {
    "name": "S初",
    "rank": "S",
    "created_at": "2025-05-13T19:52:50.576931"
  },
  {
    "name": "死二",
    "rank": "S",
    "created_at": "2025-05-13T19:52:50.577859"
  },
  {
    "name": "忍雷",
    "rank": "S",
    "created_at": "2025-05-13T19:52:50.578910"
  },
  {
    "name": "罗莎",
    "rank": "S",
    "created_at": "2025-05-13T19:52:50.579914"
  },
  {
    "name": "S三代",
    "rank": "S",
    "created_at": "2025-05-13T19:52:50.580822"
  },
  {
    "name": "金银",
    "rank": "S",
    "created_at": "2025-05-13T19:52:50.581737"
  },
  {
    "name": "百战水",
    "rank": "S",
    "created_at": "2025-05-13T19:52:50.582979"
  },
  {
    "name": "仙兜",
    "rank": "S",
    "created_at": "2025-05-13T19:52:50.584067"
  },
  {
    "name": "胡子",
    "rank": "S",
    "created_at": "2025-05-13T19:52:50.585006"
  },
  {
    "name": "天道",
    "rank": "S",
    "created_at": "2025-05-13T19:52:50.585963"
  },
  {
    "name": "S鼬",
    "rank": "S",
    "created_at": "2025-05-13T19:52:50.586890"
  },
  {
    "name": "长门",
    "rank": "S",
    "created_at": "2025-05-13T19:52:50.587799"
  },
  {
    "name": "S斑",
    "rank": "S",
    "created_at": "2025-05-13T19:52:50.588806"
  },
  {
    "name": "活二",
    "rank": "S",
    "created_at": "2025-05-13T19:52:50.589745"
  },
  {
    "name": "百豪纲",
    "rank": "S",
    "created_at": "2025-05-13T19:52:50.590755"
  },
  {
    "name": "金式",
    "rank": "S",
    "created_at": "2025-05-13T19:52:50.591666"
  },
  {
    "name": "圣诞鸣妈",
    "rank": "B",
    "created_at": "2025-05-13T19:53:09.606413"
  },
  {
    "name": "鸣妈",
    "rank": "B",
    "created_at": "2025-05-13T19:53:09.607715"
  },
  {
    "name": "佩恩3人",
    "rank": "B",
    "created_at": "2025-05-13T19:53:09.608825"
  },
  {
    "name": "油女龙马",
    "rank": "B",
    "created_at": "2025-05-13T19:53:09.609766"
  },
  {
    "name": "漂君",
    "rank": "B",
    "created_at": "2025-05-13T19:53:09.610812"
  },
  {
    "name": "新赤土",
    "rank": "B",
    "created_at": "2025-05-13T19:53:09.611865"
  },
  {
    "name": "新春佐井",
    "rank": "B",
    "created_at": "2025-05-13T19:53:09.612862"
  },
  {
    "name": "冬日樱",
    "rank": "B",
    "created_at": "2025-05-13T19:53:09.613887"
  },
  {
    "name": "和服花火",
    "rank": "B",
    "created_at": "2025-05-13T19:53:09.614959"
  },
  {
    "name": "新静音",
    "rank": "B",
    "created_at": "2025-05-13T19:53:09.616016"
  },
  {
    "name": "鹰水月",
    "rank": "B",
    "created_at": "2025-05-13T19:53:09.617305"
  },
  {
    "name": "林檎雨由利",
    "rank": "B",
    "created_at": "2025-05-13T19:53:09.618499"
  },
  {
    "name": "新佐",
    "rank": "B",
    "created_at": "2025-05-13T19:53:09.619553"
  },
  {
    "name": "咏宁",
    "rank": "B",
    "created_at": "2025-05-13T19:53:09.621076"
  },
  {
    "name": "新兜",
    "rank": "B",
    "created_at": "2025-05-13T19:53:09.622077"
  },
  {
    "name": "青卡",
    "rank": "B",
    "created_at": "2025-05-13T19:53:09.623110"
  },
  {
    "name": "新黑土",
    "rank": "B",
    "created_at": "2025-05-13T19:53:09.624086"
  },
  {
    "name": "七夕红豆",
    "rank": "B",
    "created_at": "2025-05-13T19:53:09.625156"
  },
  {
    "name": "死狩",
    "rank": "B",
    "created_at": "2025-05-13T19:53:09.626129"
  },
  {
    "name": "羽高",
    "rank": "B",
    "created_at": "2025-05-13T19:53:09.627111"
  },
  {
    "name": "汉",
    "rank": "B",
    "created_at": "2025-05-13T19:53:09.628297"
  },
  {
    "name": "一尾爱",
    "rank": "B",
    "created_at": "2025-05-13T19:53:09.630013"
  },
  {
    "name": "疾佐",
    "rank": "B",
    "created_at": "2025-05-13T19:53:09.631224"
  },
  {
    "name": "奥摩伊",
    "rank": "B",
    "created_at": "2025-05-13T19:53:09.632920"
  },
  {
    "name": "新红豆",
    "rank": "B",
    "created_at": "2025-05-13T19:53:09.634638"
  },
  {
    "name": "壹叁",
    "rank": "B",
    "created_at": "2025-05-13T19:53:09.636270"
  },
  {
    "name": "冬日红豆",
    "rank": "B",
    "created_at": "2025-05-13T19:53:09.637924"
  },
  {
    "name": "佩恩二尾",
    "rank": "B",
    "created_at": "2025-05-13T19:53:09.639664"
  },
  {
    "name": "少女天天",
    "rank": "B",
    "created_at": "2025-05-13T19:53:09.641403"
  },
  {
    "name": "面点师天天",
    "rank": "B",
    "created_at": "2025-05-13T19:53:09.643159"
  },
  {
    "name": "冬日香磷",
    "rank": "B",
    "created_at": "2025-05-13T19:53:09.644944"
  },
  {
    "name": "森乃伊比喜",
    "rank": "B",
    "created_at": "2025-05-13T19:53:09.646727"
  },
  {
    "name": "枫",
    "rank": "B",
    "created_at": "2025-05-13T19:53:09.647898"
  },
  {
    "name": "漂白",
    "rank": "B",
    "created_at": "2025-05-13T19:53:09.649073"
  },
  {
    "name": "满月",
    "rank": "B",
    "created_at": "2025-05-13T19:53:09.650251"
  },
  {
    "name": "死疾风",
    "rank": "B",
    "created_at": "2025-05-13T19:53:09.651819"
  },
  {
    "name": "佩恩枫",
    "rank": "B",
    "created_at": "2025-05-13T19:53:09.652899"
  },
  {
    "name": "佩恩老紫",
    "rank": "B",
    "created_at": "2025-05-13T19:53:09.653979"
  },
  {
    "name": "赤土",
    "rank": "B",
    "created_at": "2025-05-13T19:53:09.655086"
  },
  {
    "name": "中秋佐井",
    "rank": "B",
    "created_at": "2025-05-13T19:53:09.656144"
  },
  {
    "name": "忍手鞠",
    "rank": "B",
    "created_at": "2025-05-13T19:53:09.657188"
  },
  {
    "name": "普长十郎",
    "rank": "B",
    "created_at": "2025-05-13T19:53:09.658246"
  },
  {
    "name": "重吾",
    "rank": "B",
    "created_at": "2025-05-13T19:53:09.659322"
  },
  {
    "name": "牙（全形态）",
    "rank": "B",
    "created_at": "2025-05-13T19:53:09.660381"
  },
  {
    "name": "红莲",
    "rank": "B",
    "created_at": "2025-05-13T19:53:09.661599"
  },
  {
    "name": "忍志乃",
    "rank": "B",
    "created_at": "2025-05-13T19:53:09.662675"
  },
  {
    "name": "七夕红",
    "rank": "B",
    "created_at": "2025-05-13T19:53:09.663878"
  },
  {
    "name": "新春大和",
    "rank": "B",
    "created_at": "2025-05-13T19:53:09.665011"
  },
  {
    "name": "忍鹿丸",
    "rank": "B",
    "created_at": "2025-05-13T19:53:09.666086"
  },
  {
    "name": "猿飞未来",
    "rank": "B",
    "created_at": "2025-05-13T19:53:09.667194"
  },
  {
    "name": "少女井野",
    "rank": "B",
    "created_at": "2025-05-13T19:53:09.668296"
  },
  {
    "name": "夏日李",
    "rank": "B",
    "created_at": "2025-05-13T19:53:09.669434"
  },
  {
    "name": "忍刀七人众",
    "rank": "B",
    "created_at": "2025-05-13T19:53:09.670663"
  },
  {
    "name": "鬼灯水月",
    "rank": "B",
    "created_at": "2025-05-13T19:53:09.671978"
  },
  {
    "name": "死失仓",
    "rank": "B",
    "created_at": "2025-05-13T19:53:09.673878"
  },
  {
    "name": "毛笔",
    "rank": "B",
    "created_at": "2025-05-13T19:53:09.676381"
  },
  {
    "name": "马基",
    "rank": "B",
    "created_at": "2025-05-13T19:53:09.677726"
  },
  {
    "name": "新萨姆依",
    "rank": "B",
    "created_at": "2025-05-13T19:53:09.678957"
  },
  {
    "name": "西装伊鲁卡",
    "rank": "B",
    "created_at": "2025-05-13T19:53:09.680129"
  },
  {
    "name": "少女雏田",
    "rank": "B",
    "created_at": "2025-05-13T19:53:09.681312"
  },
  {
    "name": "七夕疾风",
    "rank": "B",
    "created_at": "2025-05-13T19:53:09.682479"
  },
  {
    "name": "恶灵君麻吕",
    "rank": "B",
    "created_at": "2025-05-13T19:53:09.683702"
  },
  {
    "name": "疾樱",
    "rank": "B",
    "created_at": "2025-05-13T19:53:09.684870"
  },
  {
    "name": "鹰重",
    "rank": "B",
    "created_at": "2025-05-13T19:53:09.686051"
  },
  {
    "name": "普琳",
    "rank": "B",
    "created_at": "2025-05-13T19:53:09.687249"
  },
  {
    "name": "犬冢花",
    "rank": "B",
    "created_at": "2025-05-13T19:53:09.688437"
  },
  {
    "name": "冬日花火",
    "rank": "B",
    "created_at": "2025-05-13T19:53:09.689613"
  },
  {
    "name": "忍路雏田",
    "rank": "B",
    "created_at": "2025-05-13T19:53:09.690874"
  },
  {
    "name": "西瓜山",
    "rank": "B",
    "created_at": "2025-05-13T19:53:09.692112"
  },
  {
    "name": "七夕夕颜",
    "rank": "B",
    "created_at": "2025-05-13T19:53:09.693929"
  },
  {
    "name": "帕库拉",
    "rank": "B",
    "created_at": "2025-05-13T19:53:09.695963"
  },
  {
    "name": "飞李",
    "rank": "B",
    "created_at": "2025-05-13T19:53:09.697243"
  },
  {
    "name": "秽疾风",
    "rank": "B",
    "created_at": "2025-05-13T19:53:09.698566"
  },
  {
    "name": "七夕",
    "rank": "B",
    "created_at": "2025-05-13T19:53:09.700597"
  },
  {
    "name": "最终章鹿丸",
    "rank": "B",
    "created_at": "2025-05-13T19:53:09.701914"
  },
  {
    "name": "中秋鸣人",
    "rank": "B",
    "created_at": "2025-05-13T19:53:09.703168"
  },
  {
    "name": "忍香磷",
    "rank": "B",
    "created_at": "2025-05-13T19:53:09.704501"
  },
  {
    "name": "夏日琳",
    "rank": "B",
    "created_at": "2025-05-13T19:53:09.705797"
  },
  {
    "name": "鹰香磷",
    "rank": "B",
    "created_at": "2025-05-13T19:53:09.707036"
  },
  {
    "name": "护理琳",
    "rank": "B",
    "created_at": "2025-05-13T19:53:09.708485"
  },
  {
    "name": "中秋宁次",
    "rank": "B",
    "created_at": "2025-05-13T19:53:09.709767"
  },
  {
    "name": "一尾鸣",
    "rank": "B",
    "created_at": "2025-05-13T19:53:09.711022"
  },
  {
    "name": "新樱",
    "rank": "B",
    "created_at": "2025-05-13T19:53:09.712240"
  },
  {
    "name": "杜门李",
    "rank": "B",
    "created_at": "2025-05-13T19:53:09.713471"
  },
  {
    "name": "佩恩人间道",
    "rank": "B",
    "created_at": "2025-05-13T19:53:09.714733"
  },
  {
    "name": "夏日帕库拉",
    "rank": "B",
    "created_at": "2025-05-13T19:53:09.715977"
  },
  {
    "name": "夏日静音",
    "rank": "B",
    "created_at": "2025-05-13T19:53:09.717223"
  },
  {
    "name": "工匠大和",
    "rank": "B",
    "created_at": "2025-05-13T19:53:09.718505"
  },
  {
    "name": "新春雏田",
    "rank": "B",
    "created_at": "2025-05-13T19:53:09.719855"
  },
  {
    "name": "忍井野",
    "rank": "B",
    "created_at": "2025-05-13T19:53:09.721141"
  },
  {
    "name": "忍佐井",
    "rank": "B",
    "created_at": "2025-05-13T19:53:09.722458"
  },
  {
    "name": "兜",
    "rank": "B",
    "created_at": "2025-05-13T19:53:09.723887"
  },
  {
    "name": "君麻吕",
    "rank": "B",
    "created_at": "2025-05-13T19:53:09.725456"
  },
  {
    "name": "漂琳",
    "rank": "B",
    "created_at": "2025-05-13T19:53:09.726820"
  },
  {
    "name": "宗师天天",
    "rank": "B",
    "created_at": "2025-05-13T19:53:09.728121"
  },
  {
    "name": "忍路佐助",
    "rank": "B",
    "created_at": "2025-05-13T19:53:09.729417"
  },
  {
    "name": "少女樱",
    "rank": "B",
    "created_at": "2025-05-13T19:53:09.730695"
  },
  {
    "name": "油女取根",
    "rank": "B",
    "created_at": "2025-05-13T19:53:09.731955"
  },
  {
    "name": "新春志乃",
    "rank": "B",
    "created_at": "2025-05-13T19:53:09.733411"
  },
  {
    "name": "夏日纲手",
    "rank": "B",
    "created_at": "2025-05-13T19:53:09.735355"
  },
  {
    "name": "红鼬",
    "rank": "B",
    "created_at": "2025-05-13T19:53:09.736789"
  },
  {
    "name": "阿三",
    "rank": "B",
    "created_at": "2025-05-13T19:53:09.738161"
  },
  {
    "name": "死白",
    "rank": "B",
    "created_at": "2025-05-13T19:53:09.739723"
  },
  {
    "name": "佩恩汉",
    "rank": "B",
    "created_at": "2025-05-13T19:53:09.741480"
  },
  {
    "name": "新春丁次",
    "rank": "B",
    "created_at": "2025-05-13T19:53:09.743054"
  },
  {
    "name": "新鹿丸",
    "rank": "B",
    "created_at": "2025-05-13T19:53:09.745380"
  },
  {
    "name": "冬日黑土",
    "rank": "B",
    "created_at": "2025-05-13T19:53:09.746975"
  },
  {
    "name": "老八",
    "rank": "B",
    "created_at": "2025-05-13T19:53:09.748959"
  },
  {
    "name": "黑涂土",
    "rank": "B",
    "created_at": "2025-05-13T19:53:09.750391"
  },
  {
    "name": "疾雏",
    "rank": "B",
    "created_at": "2025-05-13T19:53:09.752075"
  },
  {
    "name": "萌黄",
    "rank": "B",
    "created_at": "2025-05-13T19:53:09.754578"
  },
  {
    "name": "最终章佐井",
    "rank": "B",
    "created_at": "2025-05-13T19:53:09.756231"
  },
  {
    "name": "熊猫天天",
    "rank": "B",
    "created_at": "2025-05-13T19:53:09.758021"
  },
  {
    "name": "紫阳花",
    "rank": "B",
    "created_at": "2025-05-13T19:53:09.759931"
  },
  {
    "name": "鼻涕男",
    "rank": "B",
    "created_at": "2025-05-13T19:53:09.761673"
  },
  {
    "name": "新宁次",
    "rank": "B",
    "created_at": "2025-05-13T19:53:09.763884"
  },
  {
    "name": "忍萨姆依",
    "rank": "B",
    "created_at": "2025-05-13T19:53:09.766047"
  },
  {
    "name": "新玖辛奈",
    "rank": "B",
    "created_at": "2025-05-13T19:53:09.767506"
  },
  {
    "name": "夏日萨姆依",
    "rank": "B",
    "created_at": "2025-05-13T19:53:09.768929"
  },
  {
    "name": "秽土左右",
    "rank": "C",
    "created_at": "2025-05-13T19:53:32.207713"
  },
  {
    "name": "托斯",
    "rank": "C",
    "created_at": "2025-05-13T19:53:32.210101"
  },
  {
    "name": "麻布",
    "rank": "C",
    "created_at": "2025-05-13T19:53:32.212192"
  },
  {
    "name": "青",
    "rank": "C",
    "created_at": "2025-05-13T19:53:32.214226"
  },
  {
    "name": "巳月",
    "rank": "C",
    "created_at": "2025-05-13T19:53:32.216387"
  },
  {
    "name": "井野",
    "rank": "C",
    "created_at": "2025-05-13T19:53:32.218406"
  },
  {
    "name": "二代",
    "rank": "C",
    "created_at": "2025-05-13T19:53:32.220362"
  },
  {
    "name": "静香",
    "rank": "C",
    "created_at": "2025-05-13T19:53:32.222164"
  },
  {
    "name": "钢子铁",
    "rank": "C",
    "created_at": "2025-05-13T19:53:32.223893"
  }
]